{
    "loss": 0.5238138437271118,
    "params": [
        {
            "gamma": 1.1804375044625341,
            "angle": 24.361820117334744,
            "dst_points": [
                [
                    41.0,
                    -2.0
                ],
                [
                    236.0,
                    -35.0
                ],
                [
                    31.0,
                    213.0
                ],
                [
                    216.0,
                    190.0
                ]
            ],
            "x": 169,
            "y": 504
        },
        {
            "gamma": 1.1276949305816635,
            "angle": 0.03231817324899566,
            "dst_points": [
                [
                    33.0,
                    -39.0
                ],
                [
                    198.0,
                    -44.0
                ],
                [
                    -37.0,
                    226.0
                ],
                [
                    243.0,
                    246.0
                ]
            ],
            "x": 193,
            "y": 715
        },
        {
            "gamma": 0.9633965231881597,
            "angle": 23.269859005922257,
            "dst_points": [
                [
                    -24.0,
                    -21.0
                ],
                [
                    206.0,
                    -12.0
                ],
                [
                    -17.0,
                    240.0
                ],
                [
                    217.0,
                    236.0
                ]
            ],
            "x": 272,
            "y": 754
        }
    ]
}