{
    "loss": 0.7232373952865601,
    "params": [
        {
            "gamma": 1.0930561004791721,
            "angle": -21.407089199530656,
            "dst_points": [
                [
                    -31.0,
                    -10.0
                ],
                [
                    197.0,
                    -36.0
                ],
                [
                    -23.0,
                    201.0
                ],
                [
                    258.0,
                    225.0
                ]
            ],
            "x": 214,
            "y": 713
        },
        {
            "gamma": 1.024558972269423,
            "angle": 9.645221496833315,
            "dst_points": [
                [
                    22.0,
                    -18.0
                ],
                [
                    235.0,
                    37.0
                ],
                [
                    41.0,
                    234.0
                ],
                [
                    238.0,
                    214.0
                ]
            ],
            "x": 127,
            "y": 530
        },
        {
            "gamma": 1.0540461143810727,
            "angle": 2.220077860872543,
            "dst_points": [
                [
                    38.0,
                    -24.0
                ],
                [
                    247.0,
                    -17.0
                ],
                [
                    -12.0,
                    239.0
                ],
                [
                    234.0,
                    246.0
                ]
            ],
            "x": 207,
            "y": 747
        }
    ]
}