{
    "loss": 0.7169046401977539,
    "params": [
        {
            "gamma": 0.8192819656133363,
            "angle": 23.12332710995009,
            "dst_points": [
                [
                    -40.0,
                    -34.0
                ],
                [
                    177.0,
                    -28.0
                ],
                [
                    -17.0,
                    201.0
                ],
                [
                    236.0,
                    225.0
                ]
            ],
            "x": 299,
            "y": 529
        },
        {
            "gamma": 0.8797932918778917,
            "angle": 28.055574377194276,
            "dst_points": [
                [
                    -34.0,
                    18.0
                ],
                [
                    177.0,
                    -36.0
                ],
                [
                    -7.0,
                    255.0
                ],
                [
                    206.0,
                    199.0
                ]
            ],
            "x": 143,
            "y": 597
        },
        {
            "gamma": 1.0860988750756422,
            "angle": 6.993285507529691,
            "dst_points": [
                [
                    -31.0,
                    42.0
                ],
                [
                    194.0,
                    39.0
                ],
                [
                    -3.0,
                    231.0
                ],
                [
                    191.0,
                    260.0
                ]
            ],
            "x": 300,
            "y": 758
        }
    ]
}