{
    "loss": 0.6449866890907288,
    "params": [
        {
            "gamma": 1.0917396461387299,
            "angle": -20.86782777665728,
            "dst_points": [
                [
                    -44.0,
                    -28.0
                ],
                [
                    209.0,
                    -39.0
                ],
                [
                    -27.0,
                    235.0
                ],
                [
                    186.0,
                    222.0
                ]
            ],
            "x": 147,
            "y": 801
        },
        {
            "gamma": 1.0807551213247337,
            "angle": -19.924987026906443,
            "dst_points": [
                [
                    -19.0,
                    39.0
                ],
                [
                    190.0,
                    -1.0
                ],
                [
                    34.0,
                    198.0
                ],
                [
                    186.0,
                    192.0
                ]
            ],
            "x": 160,
            "y": 615
        },
        {
            "gamma": 1.1425106542462633,
            "angle": -26.765780454963352,
            "dst_points": [
                [
                    1.0,
                    -15.0
                ],
                [
                    244.0,
                    36.0
                ],
                [
                    9.0,
                    262.0
                ],
                [
                    200.0,
                    214.0
                ]
            ],
            "x": 310,
            "y": 424
        }
    ]
}