{
    "loss": 0.22394457459449768,
    "params": [
        {
            "gamma": 1.0249956528520308,
            "angle": 9.983215544769415,
            "dst_points": [
                [
                    0.0,
                    -16.0
                ],
                [
                    205.0,
                    0.0
                ],
                [
                    4.0,
                    239.0
                ],
                [
                    263.0,
                    208.0
                ]
            ],
            "x": 131,
            "y": 949
        },
        {
            "gamma": 1.1425484294789794,
            "angle": -17.511043233344747,
            "dst_points": [
                [
                    -10.0,
                    -11.0
                ],
                [
                    238.0,
                    -18.0
                ],
                [
                    28.0,
                    232.0
                ],
                [
                    229.0,
                    261.0
                ]
            ],
            "x": 324,
            "y": 494
        },
        {
            "gamma": 0.8283135718126314,
            "angle": 17.169560228166674,
            "dst_points": [
                [
                    17.0,
                    3.0
                ],
                [
                    187.0,
                    -33.0
                ],
                [
                    37.0,
                    244.0
                ],
                [
                    251.0,
                    214.0
                ]
            ],
            "x": 84,
            "y": 882
        },
        {
            "gamma": 0.8532318618796977,
            "angle": -20.98606927640813,
            "dst_points": [
                [
                    4.0,
                    -34.0
                ],
                [
                    231.0,
                    23.0
                ],
                [
                    -41.0,
                    227.0
                ],
                [
                    240.0,
                    238.0
                ]
            ],
            "x": 112,
            "y": 608
        }
    ]
}