{
    "loss": 0.6164247989654541,
    "params": [
        {
            "gamma": 0.892902419734633,
            "angle": 17.290278498930554,
            "dst_points": [
                [
                    -42.0,
                    -36.0
                ],
                [
                    219.0,
                    9.0
                ],
                [
                    -4.0,
                    237.0
                ],
                [
                    253.0,
                    243.0
                ]
            ],
            "x": 229,
            "y": 446
        },
        {
            "gamma": 1.1412466353476591,
            "angle": -19.550829224368695,
            "dst_points": [
                [
                    6.0,
                    -41.0
                ],
                [
                    262.0,
                    24.0
                ],
                [
                    21.0,
                    231.0
                ],
                [
                    227.0,
                    237.0
                ]
            ],
            "x": 114,
            "y": 751
        },
        {
            "gamma": 1.1936408079873315,
            "angle": 2.98942122307772,
            "dst_points": [
                [
                    -19.0,
                    -17.0
                ],
                [
                    189.0,
                    -24.0
                ],
                [
                    34.0,
                    201.0
                ],
                [
                    200.0,
                    224.0
                ]
            ],
            "x": 153,
            "y": 625
        }
    ]
}