{
    "loss": 0.5648229122161865,
    "params": [
        {
            "gamma": 0.9564028715963033,
            "angle": 19.577168160024392,
            "dst_points": [
                [
                    29.0,
                    -34.0
                ],
                [
                    228.0,
                    15.0
                ],
                [
                    -3.0,
                    264.0
                ],
                [
                    241.0,
                    226.0
                ]
            ],
            "x": 241,
            "y": 737
        },
        {
            "gamma": 0.9829562628872721,
            "angle": 27.998899369388397,
            "dst_points": [
                [
                    -23.0,
                    4.0
                ],
                [
                    237.0,
                    15.0
                ],
                [
                    -17.0,
                    176.0
                ],
                [
                    193.0,
                    179.0
                ]
            ],
            "x": 184,
            "y": 445
        },
        {
            "gamma": 0.838628823187477,
            "angle": 12.530040031300516,
            "dst_points": [
                [
                    -20.0,
                    -24.0
                ],
                [
                    229.0,
                    -10.0
                ],
                [
                    -5.0,
                    178.0
                ],
                [
                    249.0,
                    224.0
                ]
            ],
            "x": 215,
            "y": 751
        }
    ]
}