{
    "loss": 0.5538243651390076,
    "params": [
        {
            "gamma": 0.8326959432318577,
            "angle": -11.455105853144715,
            "dst_points": [
                [
                    1.0,
                    -5.0
                ],
                [
                    178.0,
                    16.0
                ],
                [
                    -26.0,
                    204.0
                ],
                [
                    226.0,
                    192.0
                ]
            ],
            "x": 259,
            "y": 518
        },
        {
            "gamma": 1.1642172316412682,
            "angle": 10.352063442311731,
            "dst_points": [
                [
                    7.0,
                    -2.0
                ],
                [
                    196.0,
                    9.0
                ],
                [
                    34.0,
                    241.0
                ],
                [
                    220.0,
                    237.0
                ]
            ],
            "x": 282,
            "y": 715
        },
        {
            "gamma": 1.1345299920348941,
            "angle": -6.255070417664491,
            "dst_points": [
                [
                    -30.0,
                    -15.0
                ],
                [
                    223.0,
                    8.0
                ],
                [
                    -10.0,
                    236.0
                ],
                [
                    224.0,
                    201.0
                ]
            ],
            "x": 137,
            "y": 713
        }
    ]
}