{
    "loss": 0.5993489623069763,
    "params": [
        {
            "gamma": 1.1941773310322898,
            "angle": -17.022053706421534,
            "dst_points": [
                [
                    20.0,
                    -38.0
                ],
                [
                    204.0,
                    35.0
                ],
                [
                    -35.0,
                    220.0
                ],
                [
                    194.0,
                    256.0
                ]
            ],
            "x": 268,
            "y": 799
        },
        {
            "gamma": 0.8704191212462122,
            "angle": -6.557590855498418,
            "dst_points": [
                [
                    10.0,
                    30.0
                ],
                [
                    205.0,
                    -41.0
                ],
                [
                    0.0,
                    186.0
                ],
                [
                    188.0,
                    245.0
                ]
            ],
            "x": 192,
            "y": 609
        },
        {
            "gamma": 1.1349984560399387,
            "angle": -5.082902541792109,
            "dst_points": [
                [
                    -27.0,
                    10.0
                ],
                [
                    179.0,
                    -43.0
                ],
                [
                    -12.0,
                    230.0
                ],
                [
                    210.0,
                    200.0
                ]
            ],
            "x": 231,
            "y": 444
        }
    ]
}