{
    "loss": 0.5792204141616821,
    "params": [
        {
            "gamma": 0.9707984405738319,
            "angle": -17.51561939044808,
            "dst_points": [
                [
                    -2.0,
                    22.0
                ],
                [
                    251.0,
                    -8.0
                ],
                [
                    10.0,
                    185.0
                ],
                [
                    230.0,
                    187.0
                ]
            ],
            "x": 250,
            "y": 789
        },
        {
            "gamma": 1.1204937962500634,
            "angle": 8.740577415853174,
            "dst_points": [
                [
                    18.0,
                    -37.0
                ],
                [
                    238.0,
                    -32.0
                ],
                [
                    -15.0,
                    212.0
                ],
                [
                    263.0,
                    215.0
                ]
            ],
            "x": 196,
            "y": 531
        },
        {
            "gamma": 0.9374864873434147,
            "angle": 0.41338797572878505,
            "dst_points": [
                [
                    25.0,
                    -31.0
                ],
                [
                    182.0,
                    -28.0
                ],
                [
                    -7.0,
                    229.0
                ],
                [
                    199.0,
                    244.0
                ]
            ],
            "x": 183,
            "y": 735
        }
    ]
}