{
    "loss": 0.2992647588253021,
    "params": [
        {
            "gamma": 0.9267910033910625,
            "angle": -20.413510035721423,
            "dst_points": [
                [
                    8.0,
                    -34.0
                ],
                [
                    210.0,
                    -4.0
                ],
                [
                    -14.0,
                    214.0
                ],
                [
                    198.0,
                    176.0
                ]
            ],
            "x": 99,
            "y": 594
        },
        {
            "gamma": 1.0964770441851257,
            "angle": 6.273668228519739,
            "dst_points": [
                [
                    28.0,
                    11.0
                ],
                [
                    185.0,
                    -1.0
                ],
                [
                    -13.0,
                    249.0
                ],
                [
                    249.0,
                    226.0
                ]
            ],
            "x": 271,
            "y": 914
        },
        {
            "gamma": 0.8772235350504298,
            "angle": -12.53232029684533,
            "dst_points": [
                [
                    -33.0,
                    30.0
                ],
                [
                    178.0,
                    -12.0
                ],
                [
                    -5.0,
                    187.0
                ],
                [
                    254.0,
                    211.0
                ]
            ],
            "x": 242,
            "y": 857
        },
        {
            "gamma": 0.9348571886170514,
            "angle": 26.8423592312002,
            "dst_points": [
                [
                    30.0,
                    -5.0
                ],
                [
                    224.0,
                    31.0
                ],
                [
                    18.0,
                    217.0
                ],
                [
                    247.0,
                    190.0
                ]
            ],
            "x": 109,
            "y": 904
        }
    ]
}