{
    "loss": 0.6352639198303223,
    "params": [
        {
            "gamma": 1.0549806526457877,
            "angle": 8.426553513854024,
            "dst_points": [
                [
                    -15.0,
                    -19.0
                ],
                [
                    238.0,
                    -23.0
                ],
                [
                    -44.0,
                    221.0
                ],
                [
                    197.0,
                    245.0
                ]
            ],
            "x": 148,
            "y": 624
        },
        {
            "gamma": 0.8127761193959602,
            "angle": -21.099107104483004,
            "dst_points": [
                [
                    -30.0,
                    -39.0
                ],
                [
                    178.0,
                    -11.0
                ],
                [
                    37.0,
                    246.0
                ],
                [
                    187.0,
                    202.0
                ]
            ],
            "x": 133,
            "y": 766
        },
        {
            "gamma": 0.8365069687277316,
            "angle": 24.061465191621622,
            "dst_points": [
                [
                    13.0,
                    27.0
                ],
                [
                    256.0,
                    -26.0
                ],
                [
                    31.0,
                    213.0
                ],
                [
                    202.0,
                    234.0
                ]
            ],
            "x": 115,
            "y": 676
        }
    ]
}