{
    "loss": 0.5978981256484985,
    "params": [
        {
            "gamma": 1.1652006496607104,
            "angle": 5.744714561321366,
            "dst_points": [
                [
                    -3.0,
                    -2.0
                ],
                [
                    232.0,
                    -17.0
                ],
                [
                    -42.0,
                    215.0
                ],
                [
                    205.0,
                    221.0
                ]
            ],
            "x": 258,
            "y": 430
        },
        {
            "gamma": 0.8082319494601667,
            "angle": -24.20735333552583,
            "dst_points": [
                [
                    -5.0,
                    -42.0
                ],
                [
                    191.0,
                    -33.0
                ],
                [
                    -34.0,
                    191.0
                ],
                [
                    200.0,
                    249.0
                ]
            ],
            "x": 283,
            "y": 789
        },
        {
            "gamma": 1.0480336890500932,
            "angle": 15.872742947736235,
            "dst_points": [
                [
                    -29.0,
                    -33.0
                ],
                [
                    177.0,
                    40.0
                ],
                [
                    -44.0,
                    233.0
                ],
                [
                    189.0,
                    217.0
                ]
            ],
            "x": 149,
            "y": 695
        }
    ]
}