{
    "loss": 0.46481853723526,
    "params": [
        {
            "gamma": 0.9679166170880228,
            "angle": -11.488250836005498,
            "dst_points": [
                [
                    35.0,
                    -9.0
                ],
                [
                    189.0,
                    41.0
                ],
                [
                    7.0,
                    203.0
                ],
                [
                    262.0,
                    222.0
                ]
            ],
            "x": 117,
            "y": 604
        },
        {
            "gamma": 0.801167689696971,
            "angle": -29.177327068634618,
            "dst_points": [
                [
                    31.0,
                    -35.0
                ],
                [
                    222.0,
                    -21.0
                ],
                [
                    20.0,
                    179.0
                ],
                [
                    209.0,
                    201.0
                ]
            ],
            "x": 166,
            "y": 662
        },
        {
            "gamma": 0.8768726934636696,
            "angle": -25.116086113514356,
            "dst_points": [
                [
                    -37.0,
                    17.0
                ],
                [
                    257.0,
                    -33.0
                ],
                [
                    36.0,
                    240.0
                ],
                [
                    184.0,
                    262.0
                ]
            ],
            "x": 116,
            "y": 746
        }
    ]
}