{
    "loss": 0.2535129487514496,
    "params": [
        {
            "gamma": 1.075149204640131,
            "angle": -1.3931590802856775,
            "dst_points": [
                [
                    -13.0,
                    11.0
                ],
                [
                    263.0,
                    1.0
                ],
                [
                    -2.0,
                    261.0
                ],
                [
                    227.0,
                    187.0
                ]
            ],
            "x": 156,
            "y": 718
        },
        {
            "gamma": 0.9460500361602089,
            "angle": 6.92279118426972,
            "dst_points": [
                [
                    -36.0,
                    28.0
                ],
                [
                    201.0,
                    37.0
                ],
                [
                    -35.0,
                    177.0
                ],
                [
                    244.0,
                    181.0
                ]
            ],
            "x": 94,
            "y": 546
        },
        {
            "gamma": 0.8738090095269484,
            "angle": -22.082514321947638,
            "dst_points": [
                [
                    -42.0,
                    -33.0
                ],
                [
                    220.0,
                    18.0
                ],
                [
                    -38.0,
                    224.0
                ],
                [
                    200.0,
                    189.0
                ]
            ],
            "x": 226,
            "y": 918
        },
        {
            "gamma": 0.912483481398254,
            "angle": 8.455989029408599,
            "dst_points": [
                [
                    13.0,
                    30.0
                ],
                [
                    223.0,
                    -34.0
                ],
                [
                    12.0,
                    188.0
                ],
                [
                    242.0,
                    179.0
                ]
            ],
            "x": 261,
            "y": 502
        }
    ]
}