{
    "loss": 0.42522722482681274,
    "params": [
        {
            "gamma": 0.9304895724132707,
            "angle": 17.108690490557002,
            "dst_points": [
                [
                    11.0,
                    30.0
                ],
                [
                    212.0,
                    19.0
                ],
                [
                    36.0,
                    209.0
                ],
                [
                    231.0,
                    254.0
                ]
            ],
            "x": 293,
            "y": 782
        },
        {
            "gamma": 0.924767318300802,
            "angle": 29.77733899338986,
            "dst_points": [
                [
                    -10.0,
                    4.0
                ],
                [
                    251.0,
                    13.0
                ],
                [
                    -38.0,
                    252.0
                ],
                [
                    206.0,
                    192.0
                ]
            ],
            "x": 115,
            "y": 761
        },
        {
            "gamma": 1.156213018119551,
            "angle": 25.558472724618213,
            "dst_points": [
                [
                    -28.0,
                    23.0
                ],
                [
                    188.0,
                    -11.0
                ],
                [
                    -22.0,
                    219.0
                ],
                [
                    256.0,
                    224.0
                ]
            ],
            "x": 189,
            "y": 503
        }
    ]
}