{
    "loss": 0.6583058834075928,
    "params": [
        {
            "gamma": 0.8678075130659614,
            "angle": 11.992171852835767,
            "dst_points": [
                [
                    2.0,
                    35.0
                ],
                [
                    185.0,
                    -10.0
                ],
                [
                    27.0,
                    208.0
                ],
                [
                    231.0,
                    187.0
                ]
            ],
            "x": 238,
            "y": 436
        },
        {
            "gamma": 0.9879277528145821,
            "angle": 25.299147997409264,
            "dst_points": [
                [
                    10.0,
                    -19.0
                ],
                [
                    224.0,
                    -36.0
                ],
                [
                    41.0,
                    220.0
                ],
                [
                    253.0,
                    259.0
                ]
            ],
            "x": 212,
            "y": 579
        },
        {
            "gamma": 0.8199099598333914,
            "angle": -17.618293420714302,
            "dst_points": [
                [
                    12.0,
                    -7.0
                ],
                [
                    237.0,
                    -37.0
                ],
                [
                    32.0,
                    239.0
                ],
                [
                    188.0,
                    246.0
                ]
            ],
            "x": 207,
            "y": 723
        }
    ]
}