{
    "loss": 0.21823997795581818,
    "params": [
        {
            "gamma": 0.8649242890302882,
            "angle": -20.156125299321516,
            "dst_points": [
                [
                    -17.0,
                    3.0
                ],
                [
                    197.0,
                    -28.0
                ],
                [
                    -30.0,
                    247.0
                ],
                [
                    238.0,
                    263.0
                ]
            ],
            "x": 315,
            "y": 471
        },
        {
            "gamma": 0.9640407381371606,
            "angle": 7.729208616825602,
            "dst_points": [
                [
                    -25.0,
                    33.0
                ],
                [
                    187.0,
                    -44.0
                ],
                [
                    -40.0,
                    264.0
                ],
                [
                    215.0,
                    192.0
                ]
            ],
            "x": 126,
            "y": 587
        },
        {
            "gamma": 1.1142061556757343,
            "angle": 12.883760876634945,
            "dst_points": [
                [
                    43.0,
                    3.0
                ],
                [
                    219.0,
                    -33.0
                ],
                [
                    -29.0,
                    202.0
                ],
                [
                    258.0,
                    183.0
                ]
            ],
            "x": 144,
            "y": 970
        },
        {
            "gamma": 0.928332049266918,
            "angle": -29.68711457400619,
            "dst_points": [
                [
                    -37.0,
                    -3.0
                ],
                [
                    248.0,
                    0.0
                ],
                [
                    -43.0,
                    229.0
                ],
                [
                    184.0,
                    187.0
                ]
            ],
            "x": 136,
            "y": 833
        }
    ]
}