{
    "loss": 0.4384349584579468,
    "params": [
        {
            "gamma": 0.8034599989911755,
            "angle": 29.211443514684163,
            "dst_points": [
                [
                    18.0,
                    13.0
                ],
                [
                    199.0,
                    -24.0
                ],
                [
                    24.0,
                    243.0
                ],
                [
                    211.0,
                    184.0
                ]
            ],
            "x": 133,
            "y": 754
        },
        {
            "gamma": 0.9173573077231157,
            "angle": -21.262407087809272,
            "dst_points": [
                [
                    7.0,
                    -11.0
                ],
                [
                    189.0,
                    23.0
                ],
                [
                    34.0,
                    243.0
                ],
                [
                    240.0,
                    198.0
                ]
            ],
            "x": 228,
            "y": 738
        },
        {
            "gamma": 0.9756066573022546,
            "angle": -10.947109794633093,
            "dst_points": [
                [
                    12.0,
                    1.0
                ],
                [
                    184.0,
                    -31.0
                ],
                [
                    37.0,
                    264.0
                ],
                [
                    207.0,
                    258.0
                ]
            ],
            "x": 219,
            "y": 490
        }
    ]
}