{
    "loss": 0.27218931913375854,
    "params": [
        {
            "gamma": 0.9520618686056307,
            "angle": -5.375476815380878,
            "dst_points": [
                [
                    1.0,
                    -12.0
                ],
                [
                    223.0,
                    -31.0
                ],
                [
                    -4.0,
                    178.0
                ],
                [
                    187.0,
                    179.0
                ]
            ],
            "x": 133,
            "y": 978
        },
        {
            "gamma": 1.1263338463905903,
            "angle": -8.945624160708178,
            "dst_points": [
                [
                    0.0,
                    28.0
                ],
                [
                    195.0,
                    -33.0
                ],
                [
                    -25.0,
                    238.0
                ],
                [
                    204.0,
                    249.0
                ]
            ],
            "x": 189,
            "y": 841
        },
        {
            "gamma": 0.949025624279116,
            "angle": -18.672541712270878,
            "dst_points": [
                [
                    8.0,
                    22.0
                ],
                [
                    221.0,
                    -36.0
                ],
                [
                    28.0,
                    261.0
                ],
                [
                    253.0,
                    193.0
                ]
            ],
            "x": 123,
            "y": 537
        },
        {
            "gamma": 0.866737069221559,
            "angle": 21.12013166957763,
            "dst_points": [
                [
                    -30.0,
                    7.0
                ],
                [
                    188.0,
                    19.0
                ],
                [
                    -19.0,
                    243.0
                ],
                [
                    226.0,
                    188.0
                ]
            ],
            "x": 243,
            "y": 941
        }
    ]
}